indicatorId,geoUnit,year,value,qualifier,magnitude
GAR.5T8,ARM,2018,3.06,,
GAR.5T8,ARM,2020,82.35282135009766,,
GAR.5T8,ARM,2022,70.33321380615234,,
GAR.5T8,AUT,2006,21.36,,
GAR.5T8,AUT,2007,21.17,,
GAR.5T8,AUT,2008,20.29,,
GAR.5T8,AUT,2009,20.94,,
GAR.5T8,AUT,2010,22.32,,
GAR.5T8,AUT,2011,22.29,,
GAR.5T8,AUT,2012,23.56,,
GAR.5T8,AUT,2013,23.93,,
GAR.5T8,AUT,2014,33.96,,
GAR.5T8,AUT,2015,34.7,,
GAR.5T8,AUT,2016,35.48,,
GAR.5T8,AUT,2017,37.55,,
GAR.5T8,AUT,2018,34.15000000000001,,
GAR.5T8,AUT,2019,32.96,,
GAR.5T8,AUT,2020,33.51,,
GAR.5T8,AUT,2021,22.96,,
GAR.5T8,BEL,2006,38.6,,
GAR.5T8,BEL,2007,39.52,,
GAR.5T8,BEL,2008,39.27,,
GAR.5T8,BEL,2009,42.37,,
GAR.5T8,BEL,2010,42.7,,
GAR.5T8,BEL,2011,42.81,,
GAR.5T8,BEL,2012,42.83,,
GAR.5T8,BEL,2013,43.3,,
GAR.5T8,BEL,2014,44.42,,
GAR.5T8,BEL,2015,44.86,,
GAR.5T8,BEL,2016,46.67,,
GAR.5T8,BEL,2017,47.4,,
GAR.5T8,BEL,2018,47.61,,
GAR.5T8,BEL,2019,46.06,,
GAR.5T8,BEL,2020,51.41,,
GAR.5T8,BEL,2021,51.77,,
GAR.5T8,BEN,2013,14.03468990325928,,
GAR.5T8,BEN,2019,10.09918022155762,,
GAR.5T8,BFA,2021,4.987130165100098,,
GAR.5T8,BGR,2006,25.83,,
GAR.5T8,BGR,2007,26.91,,
GAR.5T8,BGR,2008,28.35,,
GAR.5T8,BGR,2009,30.85,,
GAR.5T8,BGR,2010,32.72,,
GAR.5T8,BGR,2011,32.79,,
GAR.5T8,BGR,2012,39.41,,
GAR.5T8,BGR,2013,38.81,,
GAR.5T8,BGR,2014,44.07,,
GAR.5T8,BGR,2015,44.48,,
GAR.5T8,BGR,2016,44.02,,
GAR.5T8,BGR,2017,43.87,,
GAR.5T8,BGR,2018,48.52,,
GAR.5T8,BGR,2019,46.01,,
GAR.5T8,BGR,2020,46.57,,
GAR.5T8,BGR,2021,48.1,,
GAR.5T8,BOL,2000,47.3,,
GAR.5T8,BOL,2001,56.4,,
GAR.5T8,BOL,2002,52,,
GAR.5T8,BOL,2004,54.2,,
GAR.5T8,BOL,2005,70,,
GAR.5T8,BOL,2006,63.2,,
GAR.5T8,BOL,2007,69.4,,
GAR.5T8,BOL,2008,67.1,,
GAR.5T8,BOL,2009,70.8,,
GAR.5T8,BOL,2011,76.7,,
GAR.5T8,BOL,2012,70,,
GAR.5T8,BOL,2013,87.6,,
GAR.5T8,BOL,2014,78.5,,
GAR.5T8,BOL,2015,69.8,,
GAR.5T8,BOL,2016,78,,
GAR.5T8,BOL,2017,73.3,,
GAR.5T8,BOL,2018,77.1,,
GAR.5T8,BOL,2019,81.5,,
GAR.5T8,BOL,2020,0.1,,
GAR.5T8,BOL,2021,82.5,,
GAR.5T8,BRA,2001,30.9,,
GAR.5T8,BRA,2002,32.7,,
GAR.5T8,BRA,2003,35.4,,
GAR.5T8,BRA,2004,35,,
GAR.5T8,BRA,2005,36.9,,
GAR.5T8,BRA,2006,40.3,,
GAR.5T8,BRA,2007,41.1,,
GAR.5T8,BRA,2008,42.5,,
GAR.5T8,BRA,2009,44.1,,
GAR.5T8,BRA,2011,45.2,,
GAR.5T8,BRA,2012,46.3,,
GAR.5T8,BRA,2013,48.3,,
GAR.5T8,BRA,2014,50.3,,
GAR.5T8,BRA,2015,50,,
GAR.5T8,BRA,2016,52.6,,
GAR.5T8,BRA,2017,55.1,,
GAR.5T8,BRA,2018,59.8,,
GAR.5T8,BRA,2019,60.5,,
GAR.5T8,BRA,2020,62.8,,
GAR.5T8,BRA,2021,63.9,,
GAR.5T8,BRA,2022,64.8,,
GAR.5T8,BRA,2023,70.1,,
GAR.5T8,CHE,2006,15.64,,
GAR.5T8,CHE,2007,17.72,,
GAR.5T8,CHE,2008,18.91,,
GAR.5T8,CHE,2009,19.39,,
GAR.5T8,CHE,2010,18.55,,
GAR.5T8,CHE,2011,18.62,,
GAR.5T8,CHE,2012,19.06,,
GAR.5T8,CHE,2013,20.42,,
GAR.5T8,CHE,2014,1.24,,
GAR.5T8,CHE,2015,1.02,,
GAR.5T8,CHE,2016,0.8699999999999999,,
GAR.5T8,CHE,2017,1.77,,
GAR.5T8,CHE,2018,1.28,,
GAR.5T8,CHE,2019,1.45,,
GAR.5T8,CHE,2020,1.59,,
GAR.5T8,CHE,2021,21.07,,
GAR.5T8,CHL,2000,43.8,,
GAR.5T8,CHL,2003,53.4,,
GAR.5T8,CHL,2006,58.3,,
GAR.5T8,CHL,2009,58.6,,
GAR.5T8,CHL,2011,68.7,,
GAR.5T8,CHL,2013,80.5,,
GAR.5T8,CHL,2015,84.6,,
GAR.5T8,CHL,2017,82.8,,
GAR.5T8,CHL,2020,92.9,,
GAR.5T8,CHL,2022,122,,
GAR.5T8,CHN,2010,16,,
GAR.5T8,CHN,2012,28.2,,
GAR.5T8,CHN,2016,32.04,,
GAR.5T8,CHN,2018,52.40311050415039,,
GAR.5T8,CHN,2020,44.65,,
GAR.5T8,CIV,2019,7.6838698387146,,
GAR.5T8,COL,2002,34.5,,
GAR.5T8,COL,2003,37.8,,
GAR.5T8,COL,2004,38.6,,
GAR.5T8,COL,2005,39,,
GAR.5T8,COL,2008,49.7,,
GAR.5T8,COL,2009,48.4,,
GAR.5T8,COL,2010,54,,
GAR.5T8,COL,2011,54.7,,
GAR.5T8,COL,2012,55.9,,
GAR.5T8,COL,2013,60.6,,
GAR.5T8,COL,2014,62.4,,
GAR.5T8,COL,2015,61.8,,
GAR.5T8,COL,2016,63.5,,
GAR.5T8,COL,2017,61.9,,
GAR.5T8,COL,2018,61.1,,
GAR.5T8,COL,2019,59.8,,
GAR.5T8,COL,2020,46.7,,
GAR.5T8,COL,2021,58.4,,
GAR.5T8,COL,2022,61.9,,
GAR.5T8,COL,2023,65.6,,
GAR.5T8,CRI,2002,51.7,,
GAR.5T8,CRI,2003,53.9,,
GAR.5T8,CRI,2004,55.6,,
GAR.5T8,CRI,2005,58.2,,
GAR.5T8,CRI,2006,57.1,,
GAR.5T8,CRI,2007,56.9,,
GAR.5T8,CRI,2008,66.2,,
GAR.5T8,CRI,2009,66.9,,
GAR.5T8,CRI,2010,74.3,,
GAR.5T8,CRI,2011,81.8,,
GAR.5T8,CRI,2012,74.5,,
GAR.5T8,CRI,2013,82.2,,
GAR.5T8,CRI,2014,85.6,,
GAR.5T8,CRI,2015,83.1,,
GAR.5T8,CRI,2016,91.6,,
GAR.5T8,CRI,2017,87.6,,
GAR.5T8,CRI,2018,90.3,,
GAR.5T8,CRI,2019,93.6,,
GAR.5T8,CRI,2020,86.9,,
GAR.5T8,CRI,2021,99.7,,
GAR.5T8,CRI,2022,104.7,,
GAR.5T8,CRI,2023,104.9,,
GAR.5T8,CYP,2006,33.82,,
GAR.5T8,CYP,2007,38.15,,
GAR.5T8,CYP,2008,38.57,,
GAR.5T8,CYP,2009,39.90000000000001,,
GAR.5T8,CYP,2010,38.65,,
GAR.5T8,CYP,2011,35.44,,
GAR.5T8,CYP,2012,39.09,,
GAR.5T8,CYP,2013,41.12,,
GAR.5T8,CYP,2014,37.04,,
GAR.5T8,CYP,2015,39.43,,
GAR.5T8,CYP,2016,41.24,,
GAR.5T8,CYP,2017,39.4,,
GAR.5T8,CYP,2018,39.48,,
GAR.5T8,CYP,2019,40.05,,
GAR.5T8,CYP,2020,42.49,,
GAR.5T8,CYP,2021,35.68,,
GAR.5T8,DEU,2006,15.38,,
GAR.5T8,DEU,2007,15.78,,
GAR.5T8,DEU,2008,18.21,,
GAR.5T8,DEU,2009,17.11,,
GAR.5T8,DEU,2010,18.79,,
GAR.5T8,DEU,2011,19.8,,
GAR.5T8,DEU,2012,21.4,,
GAR.5T8,DEU,2013,24.46,,
GAR.5T8,DEU,2014,23.63,,
GAR.5T8,DEU,2015,25.14,,
GAR.5T8,DEU,2016,25.02,,
GAR.5T8,DEU,2017,25.68,,
GAR.5T8,DEU,2018,26.2,,
GAR.5T8,DEU,2019,27.09,,
GAR.5T8,DEU,2020,27.82,,
GAR.5T8,DEU,2021,26.52,,
GAR.5T8,DJI,2017,19.53824043273926,,
GAR.5T8,DNK,2006,19.04,,
GAR.5T8,DNK,2007,16.56,,
GAR.5T8,DNK,2008,18.25,,
GAR.5T8,DNK,2009,22.31,,
GAR.5T8,DNK,2010,21.49,,
GAR.5T8,DNK,2011,19.69,,
GAR.5T8,DNK,2012,20.42,,
GAR.5T8,DNK,2013,20.4,,
GAR.5T8,DNK,2014,13.41,,
GAR.5T8,DNK,2015,12.64,,
GAR.5T8,DNK,2016,23.54,,
GAR.5T8,DNK,2017,23.75,,
GAR.5T8,DNK,2018,22.55,,
GAR.5T8,DNK,2019,22,,
GAR.5T8,DNK,2020,20.06,,
GAR.5T8,DNK,2021,17.72,,
GAR.5T8,DOM,2000,46.3,,
GAR.5T8,DOM,2001,41.5,,
GAR.5T8,DOM,2002,50.9,,
GAR.5T8,DOM,2003,51.8,,
GAR.5T8,DOM,2004,52,,
GAR.5T8,DOM,2005,52.4,,
GAR.5T8,DOM,2006,56.4,,
GAR.5T8,DOM,2007,61.3,,
GAR.5T8,DOM,2008,59.9,,
GAR.5T8,DOM,2009,54.7,,
GAR.5T8,DOM,2010,61.5,,
GAR.5T8,DOM,2011,60,,
GAR.5T8,DOM,2012,58.7,,
GAR.5T8,DOM,2013,63.5,,
GAR.5T8,DOM,2014,77.1,,
GAR.5T8,DOM,2015,67.6,,
GAR.5T8,DOM,2016,89.9,,
GAR.5T8,DOM,2017,93,,
GAR.5T8,DOM,2018,93.3,,
GAR.5T8,DOM,2019,97.5,,
GAR.5T8,DOM,2020,88.2,,
GAR.5T8,DOM,2021,89.6,,
GAR.5T8,DOM,2022,93.1,,
GAR.5T8,DOM,2023,92.4,,
GAR.5T8,ECU,2001,42.2,,
GAR.5T8,ECU,2003,43.1,,
GAR.5T8,ECU,2005,43.7,,
GAR.5T8,ECU,2006,45,,
GAR.5T8,ECU,2007,49.4,,
GAR.5T8,ECU,2008,52.7,,
GAR.5T8,ECU,2009,54.8,,
GAR.5T8,ECU,2010,58.5,,
GAR.5T8,ECU,2011,59.8,,
GAR.5T8,ECU,2012,56.2,,
GAR.5T8,ECU,2013,48.8,,
GAR.5T8,ECU,2014,42.3,,
GAR.5T8,ECU,2015,44.1,,
GAR.5T8,ECU,2016,44.8,,
GAR.5T8,ECU,2017,43.9,,
GAR.5T8,ECU,2018,48.9,,
GAR.5T8,ECU,2019,50.1,,
GAR.5T8,ECU,2020,47.4,,
GAR.5T8,ECU,2021,52.9,,
GAR.5T8,ECU,2022,50.8,,
GAR.5T8,ECU,2023,53.9,,
GAR.5T8,EGY,2022,35.83,,
GAR.5T8,ESP,2006,32.74,,
GAR.5T8,ESP,2007,32.19,,
GAR.5T8,ESP,2008,32.59,,
GAR.5T8,ESP,2009,31.69,,
GAR.5T8,ESP,2010,31.1,,
GAR.5T8,ESP,2011,37.88,,
GAR.5T8,ESP,2012,36.14,,
GAR.5T8,ESP,2013,39.51,,
GAR.5T8,ESP,2014,43.58000000000001,,
GAR.5T8,ESP,2015,44.13,,
GAR.5T8,ESP,2016,44.56,,
GAR.5T8,ESP,2017,46.43,,
GAR.5T8,ESP,2018,46.13,,
GAR.5T8,ESP,2019,46.85,,
GAR.5T8,ESP,2020,49.91999999999999,,
GAR.5T8,ESP,2021,37.9,,
GAR.5T8,EST,2006,32.05,,
GAR.5T8,EST,2007,30.51,,
GAR.5T8,EST,2008,28.93,,
GAR.5T8,EST,2009,33.97,,
GAR.5T8,EST,2010,36.83,,
GAR.5T8,EST,2011,33.86,,
GAR.5T8,EST,2012,33.98999999999999,,
GAR.5T8,EST,2013,36.31,,
GAR.5T8,EST,2014,32.02999999999999,,
GAR.5T8,EST,2015,29.18,,
GAR.5T8,EST,2016,30.37,,
GAR.5T8,EST,2017,28.34,,
GAR.5T8,EST,2018,32.1,,
GAR.5T8,EST,2019,34.38,,
GAR.5T8,EST,2020,32.47,,
GAR.5T8,EST,2021,32.64,,
GAR.5T8,ETH,2019,11.65240001678467,,
GAR.5T8,FIN,2006,24.67,,
GAR.5T8,FIN,2007,27.71,,
GAR.5T8,FIN,2008,24.75,,
GAR.5T8,FIN,2009,26.67,,
GAR.5T8,FIN,2010,24.65,,
GAR.5T8,FIN,2011,24.08,,
GAR.5T8,FIN,2012,24.22,,
GAR.5T8,FIN,2013,23.94,,
GAR.5T8,FIN,2014,25.55,,
GAR.5T8,FIN,2015,23.71,,
GAR.5T8,FIN,2016,23.72,,
GAR.5T8,FIN,2017,23.15,,
GAR.5T8,FIN,2018,22.9,,
GAR.5T8,FIN,2019,26.07,,
GAR.5T8,FIN,2020,24.27,,
GAR.5T8,FIN,2021,31.27,,
GAR.5T8,FRA,2006,40.48999999999999,,
GAR.5T8,FRA,2007,39.93,,
GAR.5T8,FRA,2008,39.39,,
GAR.5T8,FRA,2009,40.08,,
GAR.5T8,FRA,2010,40.38,,
GAR.5T8,FRA,2011,41.58,,
GAR.5T8,FRA,2012,44.19,,
GAR.5T8,FRA,2013,47.29,,
GAR.5T8,FRA,2014,47.7,,
GAR.5T8,FRA,2015,43.29,,
GAR.5T8,FRA,2016,46.35,,
GAR.5T8,FRA,2017,45.42,,
GAR.5T8,FRA,2018,45.85,,
GAR.5T8,FRA,2019,48.05,,
GAR.5T8,FRA,2020,49.3,,
GAR.5T8,FRA,2021,39.29000000000001,,
GAR.5T8,GAB,2017,7.3,,
GAR.5T8,GBR,2006,23.04,,
GAR.5T8,GBR,2007,23.49,,
GAR.5T8,GBR,2008,22.19,,
GAR.5T8,GBR,2009,23.67,,
GAR.5T8,GBR,2010,23.45,,
GAR.5T8,GBR,2011,24.6,,
GAR.5T8,GBR,2012,25.28,,
GAR.5T8,GBR,2013,25.3,,
GAR.5T8,GBR,2014,26.12,,
GAR.5T8,GBR,2015,25.5,,
GAR.5T8,GBR,2016,27.04,,
GAR.5T8,GBR,2017,28.75,,
GAR.5T8,GBR,2018,27.91,,
GAR.5T8,GBR,2019,28.6,,
GAR.5T8,GNB,2021,8.892390251159668,,
GAR.5T8,GRC,2006,46.93,,
GAR.5T8,GRC,2007,46.31,,
GAR.5T8,GRC,2008,45.73999999999999,,
GAR.5T8,GRC,2009,23.85,,
GAR.5T8,GRC,2010,33.46,,
GAR.5T8,GRC,2011,46.42,,
GAR.5T8,GRC,2012,45.93,,
GAR.5T8,GRC,2013,46.67,,
GAR.5T8,GRC,2014,50.01,,
GAR.5T8,GRC,2015,50.27,,
GAR.5T8,GRC,2016,52.48,,
GAR.5T8,GRC,2017,51.07000000000001,,
GAR.5T8,GRC,2018,51.91,,
GAR.5T8,GRC,2019,55.43,,
GAR.5T8,GRC,2020,54.69,,
GAR.5T8,GRC,2021,58.98999999999999,,
GAR.5T8,GTM,2000,21,,
GAR.5T8,GTM,2006,24.4,,
GAR.5T8,GTM,2014,23.2,,
GAR.5T8,GTM,2022,22.67395973205566,,
GAR.5T8,GTM,2023,39.2,,
GAR.5T8,HND,2001,23.8,,
GAR.5T8,HND,2004,25.9,,
GAR.5T8,HND,2005,28.1,,
GAR.5T8,HND,2009,26.7,,
GAR.5T8,HND,2010,27.7,,
GAR.5T8,HND,2011,28.8,,
GAR.5T8,HND,2012,30.9,,
GAR.5T8,HND,2013,34.9,,
GAR.5T8,HND,2014,31.8,,
GAR.5T8,HND,2015,35.2,,
GAR.5T8,HND,2016,36.1,,
GAR.5T8,HND,2018,33,,
GAR.5T8,HND,2019,37,,
GAR.5T8,HND,2023,36.5,,
GAR.5T8,HRV,2006,40.28,,
GAR.5T8,HRV,2007,41.07,,
GAR.5T8,HRV,2008,41.02,,
GAR.5T8,HRV,2009,37.79,,
GAR.5T8,HRV,2010,38.33,,
GAR.5T8,HRV,2011,41.89,,
GAR.5T8,HRV,2012,44.18,,
GAR.5T8,HRV,2013,41.28,,
GAR.5T8,HRV,2014,39.03,,
GAR.5T8,HRV,2015,41.08,,
GAR.5T8,HRV,2016,36.82,,
GAR.5T8,HRV,2017,38.48,,
GAR.5T8,HRV,2018,42.25,,
GAR.5T8,HRV,2019,38.79,,
GAR.5T8,HRV,2020,39.93,,
GAR.5T8,HRV,2021,38.88,,
GAR.5T8,HUN,2006,33.4,,
GAR.5T8,HUN,2007,35.01000000000001,,
GAR.5T8,HUN,2008,35.22,,
GAR.5T8,HUN,2009,33.33,,
GAR.5T8,HUN,2010,32.56,,
GAR.5T8,HUN,2011,31.85,,
GAR.5T8,HUN,2012,30.96,,
GAR.5T8,HUN,2013,29.01,,
GAR.5T8,HUN,2014,29.72,,
GAR.5T8,HUN,2015,29.44,,
GAR.5T8,HUN,2016,28.27,,
GAR.5T8,HUN,2017,25.94,,
GAR.5T8,HUN,2018,28.09,,
GAR.5T8,HUN,2019,29.43,,
GAR.5T8,HUN,2020,28.36,,
GAR.5T8,HUN,2021,25.68,,
GAR.5T8,IDN,2022,21.29,,
GAR.5T8,ITA,2006,31.34,,
GAR.5T8,ITA,2007,32.3,,
GAR.5T8,ITA,2008,31.63,,
GAR.5T8,ITA,2009,30.81,,
GAR.5T8,ITA,2010,30.6,,
GAR.5T8,ITA,2011,29.74,,
GAR.5T8,ITA,2012,29.85,,
GAR.5T8,ITA,2013,29.9,,
GAR.5T8,ITA,2014,30.4,,
GAR.5T8,ITA,2015,31.05,,
GAR.5T8,ITA,2016,31.76,,
GAR.5T8,ITA,2017,32.81,,
GAR.5T8,ITA,2018,33.2,,
GAR.5T8,ITA,2019,33.89,,
GAR.5T8,ITA,2020,36.11,,
GAR.5T8,ITA,2021,35.07,,
GAR.5T8,KEN,2019,23.1197395324707,,
GAR.5T8,KEN,2020,18.85914039611816,,
GAR.5T8,KHM,2019,12.98,,
GAR.5T8,LBR,2016,17.25008964538574,,
GAR.5T8,LKA,2022,15.4470796585083,,
GAR.5T8,LTU,2006,41.66,,
GAR.5T8,LTU,2007,46.47,,
GAR.5T8,LTU,2008,42.8,,
GAR.5T8,LTU,2009,41.26000000000001,,
GAR.5T8,LTU,2010,41.06,,
GAR.5T8,LTU,2011,42.26,,
GAR.5T8,LTU,2012,42.75,,
GAR.5T8,LTU,2013,42.54,,
GAR.5T8,LTU,2014,42,,
GAR.5T8,LTU,2015,42.73,,
GAR.5T8,LTU,2016,39.97,,
GAR.5T8,LTU,2017,39.88,,
GAR.5T8,LTU,2018,39.7,,
GAR.5T8,LTU,2019,41.03,,
GAR.5T8,LTU,2020,38.34,,
GAR.5T8,LTU,2021,36.91999999999999,,
GAR.5T8,LUX,2006,27.09,,
GAR.5T8,LUX,2007,30.68,,
GAR.5T8,LUX,2008,28.95,,
GAR.5T8,LUX,2009,29.05,,
GAR.5T8,LUX,2010,28.77,,
GAR.5T8,LUX,2011,32.69,,
GAR.5T8,LUX,2012,30.84,,
GAR.5T8,LUX,2013,33.65000000000001,,
GAR.5T8,LUX,2014,32.22,,
GAR.5T8,LUX,2015,26.48,,
GAR.5T8,LUX,2016,32.36,,
GAR.5T8,LUX,2017,28.52,,
GAR.5T8,LUX,2018,35.35,,
GAR.5T8,LUX,2019,35.73,,
GAR.5T8,LUX,2020,37.4,,
GAR.5T8,LUX,2021,13.51,,
GAR.5T8,LVA,2006,27.59,,
GAR.5T8,LVA,2007,30.88,,
GAR.5T8,LVA,2008,33.48999999999999,,
GAR.5T8,LVA,2009,32.1,,
GAR.5T8,LVA,2010,32.02999999999999,,
GAR.5T8,LVA,2011,34.29,,
GAR.5T8,LVA,2012,37.88,,
GAR.5T8,LVA,2013,38.29,,
GAR.5T8,LVA,2014,34.66,,
GAR.5T8,LVA,2015,34.84999999999999,,
GAR.5T8,LVA,2016,36.55,,
GAR.5T8,LVA,2017,39.93,,
GAR.5T8,LVA,2018,36.57,,
GAR.5T8,LVA,2019,39.3,,
GAR.5T8,LVA,2020,38.74,,
GAR.5T8,LVA,2021,31.59,,
GAR.5T8,MEX,2000,30.4,,
GAR.5T8,MEX,2002,31.9,,
GAR.5T8,MEX,2004,32.2,,
GAR.5T8,MEX,2006,34.8,,
GAR.5T8,MEX,2008,36.2,,
GAR.5T8,MEX,2010,38.3,,
GAR.5T8,MEX,2012,42.3,,
GAR.5T8,MEX,2014,43.5,,
GAR.5T8,MEX,2016,46.2,,
GAR.5T8,MEX,2018,49.2,,
GAR.5T8,MEX,2020,51.9,,
GAR.5T8,MEX,2022,53.4,,
GAR.5T8,MLI,2021,7.607560157775879,,
GAR.5T8,MNG,2022,48.06491851806641,,
GAR.5T8,MOZ,2015,1.58,,
GAR.5T8,MUS,2020,3.57,,
GAR.5T8,NAM,2015,5.98,,
GAR.5T8,NER,2019,2.903350114822388,,
GAR.5T8,NER,2021,3.818269968032837,,
GAR.5T8,NGA,2019,23.23018074035645,,
GAR.5T8,NIC,2001,43.9,,
GAR.5T8,NIC,2005,27.3,,
GAR.5T8,NIC,2009,30.3,,
GAR.5T8,NIC,2014,39.9,,
GAR.5T8,NOR,2006,25.65,,
GAR.5T8,NOR,2007,26.45,,
GAR.5T8,NOR,2008,26.33,,
GAR.5T8,NOR,2009,25.28,,
GAR.5T8,NOR,2010,29.72,,
GAR.5T8,NOR,2011,29.61,,
GAR.5T8,NOR,2012,27.35,,
GAR.5T8,NOR,2013,31.72,,
GAR.5T8,NOR,2014,29.13,,
GAR.5T8,NOR,2015,27.63,,
GAR.5T8,NOR,2016,32.56,,
GAR.5T8,NOR,2017,33.04000000000001,,
GAR.5T8,NOR,2018,31.44,,
GAR.5T8,NOR,2019,33.39,,
GAR.5T8,NOR,2020,34.54,,
GAR.5T8,NOR,2021,34.06,,
GAR.5T8,PAK,2019,16.22147941589355,,
GAR.5T8,PAN,2000,58.7,,
GAR.5T8,PAN,2001,50.8,,
GAR.5T8,PAN,2002,55.2,,
GAR.5T8,PAN,2003,59.1,,
GAR.5T8,PAN,2004,57.9,,
GAR.5T8,PAN,2005,57.5,,
GAR.5T8,PAN,2006,59.5,,
GAR.5T8,PAN,2007,56.5,,
GAR.5T8,PAN,2008,54.8,,
GAR.5T8,PAN,2009,56.7,,
GAR.5T8,PAN,2011,59.9,,
GAR.5T8,PAN,2013,57.6,,
GAR.5T8,PAN,2014,61.1,,
GAR.5T8,PAN,2015,62.3,,
GAR.5T8,PAN,2016,61.5,,
GAR.5T8,PAN,2017,64.5,,
GAR.5T8,PAN,2018,61,,
GAR.5T8,PAN,2019,63.4,,
GAR.5T8,PAN,2021,69,,
GAR.5T8,PAN,2022,76.3,,
GAR.5T8,PAN,2023,74.9,,
GAR.5T8,PER,2000,36.7,,
GAR.5T8,PER,2001,36.6,,
GAR.5T8,PER,2002,40.2,,
GAR.5T8,PER,2003,41.5,,
GAR.5T8,PER,2004,42.6,,
GAR.5T8,PER,2005,43.3,,
GAR.5T8,PER,2006,47.4,,
GAR.5T8,PER,2007,54.2,,
GAR.5T8,PER,2008,54.7,,
GAR.5T8,PER,2009,57.9,,
GAR.5T8,PER,2010,59.8,,
GAR.5T8,PER,2011,62.5,,
GAR.5T8,PER,2012,64.5,,
GAR.5T8,PER,2013,64.5,,
GAR.5T8,PER,2014,65.2,,
GAR.5T8,PER,2015,65.9,,
GAR.5T8,PER,2016,69,,
GAR.5T8,PER,2017,70.6,,
GAR.5T8,PER,2018,74.5,,
GAR.5T8,PER,2019,74.4,,
GAR.5T8,PER,2020,60,,
GAR.5T8,PER,2021,65,,
GAR.5T8,PER,2022,66.6,,
GAR.5T8,PER,2023,71,,
GAR.5T8,PNG,2022,4.859999999999999,,
GAR.5T8,POL,2006,34.66,,
GAR.5T8,POL,2007,36.57,,
GAR.5T8,POL,2008,36.25,,
GAR.5T8,POL,2009,35.39,,
GAR.5T8,POL,2010,35.45,,
GAR.5T8,POL,2011,35.09,,
GAR.5T8,POL,2012,35.09999999999999,,
GAR.5T8,POL,2013,34.04,,
GAR.5T8,POL,2014,32.75,,
GAR.5T8,POL,2015,33.52,,
GAR.5T8,POL,2016,31.33,,
GAR.5T8,POL,2017,30.59,,
GAR.5T8,POL,2018,30.7,,
GAR.5T8,POL,2019,30.84,,
GAR.5T8,POL,2020,30.41,,
GAR.5T8,POL,2021,31.17,,
GAR.5T8,PRI,2010,93.10872650146484,,
GAR.5T8,PRI,2022,100.9150314331055,,
GAR.5T8,PRI,2023,104.7810134887695,,
GAR.5T8,PRT,2006,26.9,,
GAR.5T8,PRT,2007,27.94,,
GAR.5T8,PRT,2008,28.93,,
GAR.5T8,PRT,2009,29.05,,
GAR.5T8,PRT,2010,30.9,,
GAR.5T8,PRT,2011,33.44,,
GAR.5T8,PRT,2012,33.66,,
GAR.5T8,PRT,2013,32.56,,
GAR.5T8,PRT,2014,36.9,,
GAR.5T8,PRT,2015,38.13,,
GAR.5T8,PRT,2016,39.02,,
GAR.5T8,PRT,2017,39.91,,
GAR.5T8,PRT,2018,41.04,,
GAR.5T8,PRT,2019,43.48,,
GAR.5T8,PRT,2020,47.38,,
GAR.5T8,PRT,2021,54.42,,
GAR.5T8,PRY,2001,26.3,,
GAR.5T8,PRY,2002,22.7,,
GAR.5T8,PRY,2003,29.9,,
GAR.5T8,PRY,2004,28.8,,
GAR.5T8,PRY,2005,32.2,,
GAR.5T8,PRY,2006,32.4,,
GAR.5T8,PRY,2007,33.8,,
GAR.5T8,PRY,2008,45.8,,
GAR.5T8,PRY,2009,41.9,,
GAR.5T8,PRY,2010,42,,
GAR.5T8,PRY,2011,54.4,,
GAR.5T8,PRY,2012,55.8,,
GAR.5T8,PRY,2013,62.8,,
GAR.5T8,PRY,2014,60.5,,
GAR.5T8,PRY,2015,57.3,,
GAR.5T8,PRY,2016,54.4,,
GAR.5T8,PRY,2017,57,,
GAR.5T8,PRY,2018,57.6,,
GAR.5T8,PRY,2019,61,,
GAR.5T8,PRY,2020,56.5,,
GAR.5T8,PRY,2021,59.1,,
GAR.5T8,PRY,2022,69,,
GAR.5T8,PRY,2023,69.4,,
GAR.5T8,ROU,2006,30.47,,
GAR.5T8,ROU,2007,31.32,,
GAR.5T8,ROU,2008,33.05,,
GAR.5T8,ROU,2009,35.8,,
GAR.5T8,ROU,2010,37.51,,
GAR.5T8,ROU,2011,29.48,,
GAR.5T8,ROU,2012,33.69,,
GAR.5T8,ROU,2013,35.29,,
GAR.5T8,ROU,2014,35.8,,
GAR.5T8,ROU,2015,33.69,,
GAR.5T8,ROU,2016,33.78,,
GAR.5T8,ROU,2017,34.02,,
GAR.5T8,ROU,2018,34.99,,
GAR.5T8,ROU,2019,37.46,,
GAR.5T8,ROU,2020,36.41,,
GAR.5T8,ROU,2021,36.96,,
GAR.5T8,RUS,2019,53.38,,
GAR.5T8,RUS,2020,56.2,,
GAR.5T8,RUS,2021,56.19,,
GAR.5T8,RUS,2022,50.83,,
GAR.5T8,RWA,2022,7.153500080108643,,
GAR.5T8,SDN,2022,12.74,,
GAR.5T8,SLV,2000,33,,
GAR.5T8,SLV,2001,32,,
GAR.5T8,SLV,2002,34.5,,
GAR.5T8,SLV,2003,32.4,,
GAR.5T8,SLV,2004,33,,
GAR.5T8,SLV,2005,34.4,,
GAR.5T8,SLV,2006,34.6,,
GAR.5T8,SLV,2007,37.4,,
GAR.5T8,SLV,2009,37.1,,
GAR.5T8,SLV,2010,35.9,,
GAR.5T8,SLV,2012,37.1,,
GAR.5T8,SLV,2013,38,,
GAR.5T8,SLV,2014,36.7,,
GAR.5T8,SLV,2015,36.6,,
GAR.5T8,SLV,2016,37.1,,
GAR.5T8,SLV,2017,37.4,,
GAR.5T8,SLV,2018,40.6,,
GAR.5T8,SLV,2019,39.3,,
GAR.5T8,SLV,2020,42.9,,
GAR.5T8,SLV,2021,39.5,,
GAR.5T8,SLV,2022,40.9,,
GAR.5T8,SLV,2023,44.2,,
GAR.5T8,SUR,2022,36.73569869995117,,
GAR.5T8,SVN,2006,37.96,,
GAR.5T8,SVN,2007,38.07,,
GAR.5T8,SVN,2008,40.87,,
GAR.5T8,SVN,2009,39.46,,
GAR.5T8,SVN,2010,44.46,,
GAR.5T8,SVN,2011,49.32,,
GAR.5T8,SVN,2012,50.66,,
GAR.5T8,SVN,2013,50.13,,
GAR.5T8,SVN,2014,48.6,,
GAR.5T8,SVN,2015,48.22,,
GAR.5T8,SVN,2016,48.35,,
GAR.5T8,SVN,2017,48.81,,
GAR.5T8,SVN,2018,20.7,,
GAR.5T8,SVN,2019,39.58,,
GAR.5T8,SVN,2020,50.33,,
GAR.5T8,SVN,2021,45.38,,
GAR.5T8,SWE,2006,15.17,,
GAR.5T8,SWE,2007,15.42,,
GAR.5T8,SWE,2008,15.83,,
GAR.5T8,SWE,2009,16.46,,
GAR.5T8,SWE,2010,18.25,,
GAR.5T8,SWE,2011,18.13,,
GAR.5T8,SWE,2012,18.95,,
GAR.5T8,SWE,2013,19.1,,
GAR.5T8,SWE,2014,21.93,,
GAR.5T8,SWE,2015,22.21,,
GAR.5T8,SWE,2016,22.52,,
GAR.5T8,SWE,2017,22.23,,
GAR.5T8,SWE,2018,21.93,,
GAR.5T8,SWE,2019,22.77,,
GAR.5T8,SWE,2020,24.95,,
GAR.5T8,SWE,2021,23.15,,
GAR.5T8,TGO,2010,12.69406986236572,,
GAR.5T8,TGO,2018,16.02071952819824,,
GAR.5T8,TGO,2021,18.8061695098877,,
GAR.5T8,TUN,2024,37.04087829589844,,
GAR.5T8,TUR,2022,26.4,,
GAR.5T8,TZA,2017,2.62,,
GAR.5T8,TZA,2018,2.507750034332275,,
GAR.5T8,URY,2008,54.2,,
GAR.5T8,URY,2009,55.5,,
GAR.5T8,URY,2010,56.1,,
GAR.5T8,URY,2011,64.4,,
GAR.5T8,URY,2012,59.3,,
GAR.5T8,URY,2013,58.2,,
GAR.5T8,URY,2014,59.7,,
GAR.5T8,URY,2015,59.8,,
GAR.5T8,URY,2016,58.5,,
GAR.5T8,URY,2017,61.4,,
GAR.5T8,URY,2018,63.8,,
GAR.5T8,URY,2019,66.1,,
GAR.5T8,URY,2021,76.9,,
GAR.5T8,URY,2022,83.6,,
GAR.5T8,URY,2023,78.7,,
GAR.5T8,USA,2010,103.3179473876953,,
GAR.5T8,USA,2015,101.1471481323242,,
GAR.5T8,USA,2016,101.066520690918,,
GAR.5T8,USA,2017,100.331413269043,,
GAR.5T8,USA,2020,101.5749893188477,,
GAR.5T8,USA,2021,97.28710174560547,,
GAR.5T8,USA,2022,94.59831237792969,,
GAR.5T8,USA,2023,97.05815124511719,,
GAR.5T8,VEN,2000,22.9,,
GAR.5T8,VEN,2001,24.1,,
GAR.5T8,VEN,2002,22.9,,
GAR.5T8,VEN,2003,24.1,,
GAR.5T8,VEN,2004,28.6,,
GAR.5T8,VEN,2005,34.5,,
GAR.5T8,VEN,2006,37.9,,
GAR.5T8,VEN,2007,40.3,,
GAR.5T8,VEN,2008,41.8,,
GAR.5T8,VEN,2009,99.3,,
GAR.5T8,VEN,2010,98,,
GAR.5T8,VEN,2011,99.6,,
GAR.5T8,VEN,2012,95.9,,
GAR.5T8,VEN,2013,92.2,,
GAR.5T8,VEN,2014,92.3,,